Driver,Grid,Predicted_Position_Score,Predicted_Rank
NOR,5,1.1593814,1
ANT,4,1.2599583,2
VER,2,1.5479037,3
RUS,1,1.6141406,4
GAS,18,1.6183133,5
PIA,3,1.6282688,6
HAD,8,1.6456034,7
LEC,7,1.6660697,8
HAM,6,1.6973889,9
BOR,14,1.7219772,10
ALO,10,1.7252018,11
STR,15,1.8446496,12
ALB,12,1.8545185,13
COL,16,1.8921046,14
OCO,17,1.9248412,15
TSU,13,1.9582795,16
LAW,12,2.0916464,17
SAI,13,2.11362,18
HUL,11,2.1920283,19
BEA,9,2.3215377,20
